run_timestamp,sample_idx,ABSTRACT_ID,orig_len,sum_len,tfidf_cosine,rouge1_f1,rouge2_f1,rougeL_f1,hallucination_gpt4,generated_summary
2025-11-21T16:24:05,0,2069316,1039,752,0.6145780240981028,0.41584158415841577,0.11,0.28712871287128716,0.3,"We developed an animal model of chronic allergic airway disease by exposing nine sheep to ascaris antigen through tracheal instillation until stable RL increase in six reactive sheep groups was observed. The pulmonary CF tests and bronchoalveolar lavage (BAL) analyses showed that RL was cm holsec in group A, while RL was l in groups B and C. The trapping volume FRC and UP resistance near residual volume were cm holsec in group A, and UP resistance near residual volume was cm holsec in group A, B, and C. Total cells were x ml in group A, B, and C. Macrophages, neutrophils, and eosinophils were in group A, B, and C, respectively, with p less than group C versus group A. The total proteins, albumin, and fibronectin did not differ between groups."
2025-11-21T16:24:05,1,6967959,1276,375,0.16069132453732957,0.47058823529411764,0.14,0.35294117647058826,0.2,"The text describes a case of pyogenic granulomas (PG) in a patient with a rare occurrence in the alimentary tract, specifically the stomach, where an endoscopic examination revealed a lesion with vascular features and anemia. The patient underwent embolotherapy and histological analysis confirming the diagnosis, with the lesion being asymptomatic and showing no recurrence."
2025-11-21T16:24:05,2,3492721,1051,570,0.3773529701886526,0.40625000000000006,0.20634920634920637,0.34375000000000006,0.25,"The LPS of *Neisseria meningitidis* was subjected to Kd procedures to produce oligosaccharide fragments, and high-resolution H and C NMR spectroscopy revealed structural information on specific regions of the LPS, including sialylation at the terminal Œ≤-d-glucosyl residue of the lactonate and the presence of a PE substituent at the penultimate heptopyranosyl residue of the other antenna. The structure of the deoxyd Mannose octulosonic acid disaccharide region was also elucidated, and all these findings allowed the reconstruction of the entire native LPS structure."
2025-11-21T16:24:05,3,8388738,400,282,0.3816024024984735,0.611111111111111,0.39999999999999997,0.5833333333333333,0.1,"The study assessed the relative prognostic value of dobutamine and dipyridamole in patients with idiopathic dilated cardiomyopathy (DCM), finding that the inotropic reserve associated with these drugs showed better outcomes, though the exact prognostic significance remains unclear."
2025-11-21T16:24:05,4,6234238,1121,263,0.1787517098770828,0.2682926829268293,0.025000000000000005,0.17073170731707318,0.25,"Pyridoxine is a diagnostic test for pyridoxinedependent seizures in infants, confirmed by a parenteral pyridine injection test. MT and T3 should be continued indefinitely with dose adjustments based on age and other factors, while the dose range is not yet clear."
2025-11-21T16:24:05,5,3874752,1651,421,0.37169145932241,0.3865546218487395,0.06837606837606838,0.2184873949579832,0.25,"A total of PA isolates were collected from GA hospitals in Japan, with fifteen strains identified carrying the MBL gene. These strains exhibited varying levels of imipenem resistance, with three showing high-level resistance and two low-level, and the rest in between. The results suggest that the acquisition of the MBL gene does not necessarily confer resistance to carbapenems, as the gene is transferred via plasmids."
2025-11-21T16:24:05,6,13253027,1487,385,0.17295473088286653,0.3829787234042554,0.10869565217391304,0.23404255319148937,0.2,"Dor is a clinical challenge in fertility care, with AF (dormancy) tests such as AFC, AMH, and antimullerian hormone showing promising predictive value, though environmental and genetic factors also contribute. These findings highlight the complexity of dor, with potential interventions like cryopreservation, dietary support, and mitochondrial transfer offering hope for amelioration."
2025-11-21T16:24:05,7,8512090,1040,570,0.4981232834922359,0.21705426356589147,0.0,0.15503875968992248,0.25,"We describe two cases of simple heterozygosity for the common beta CT mutation, both with a TI phenotype, where membrane defects or enzyme deficiencies caused synergistic effects. A triplication of the alphaglobin genes was found, but it did not justify the severity of the transfusion-dependent phenotype. A multiplex Ligation-dependent Probe Amplification (MLPA) analysis revealed two new rearrangements in the alphaglobin gene cluster, including a full duplication of the UP RII element in one case, and a duplication of the alphaglobin genes locus in the other case."
2025-11-21T16:24:05,8,3967251,1449,440,0.4958169622590931,0.339622641509434,0.11538461538461538,0.22641509433962262,0.2,"By using EC and quantitative histomorphometric methods, it was determined that tinixcux x alloys have a higher repassivation potential than tini alloys, with Cu content improving corrosion resistance and pitting potentials. The connective tissue layer on tinicu plates is thicker than in other alloys, and no significant differences were observed in tissue parameters over time. Tinixcux x shape memory alloys exhibit good biocompatibility."
2025-11-21T16:24:05,9,3262191,536,405,0.34862258679470565,0.4,0.14814814814814814,0.2727272727272727,0.2,"In the study, the metabolism of lithocholic acid (LCA) was assessed via radiochromatography and gas-liquid chromatography-mass spectrometry, and its relationship to cholestasis was explored. The role of the perivenous zone in LCA-induced cholestasis was examined, as well as the transformation of LCA by BBZ and SP eye movements. No available test can distinguish between benzodiazepines and neuroleptics."
2025-11-21T16:24:05,10,1052303,2446,517,0.35523068914553324,0.3410852713178295,0.07874015748031496,0.186046511627907,0.2,"There exists evidence that parvocellular neurosecretory SN in the PVH and PVN of the hypothalamus are CE integrators of negative feedback (FB) effects from circulating glucocorticoids. Total deafferentations of the PVN resulted in increased crh and avp mRNA expression in the PVN, with only minor induction in the medial parvocellular but not posterior MC divisions. These findings suggest that local effects of GCs on PVN neurons are ineffective, indicating a role for neuronal feedback in regulating crh expression."
2025-11-21T16:24:05,11,2419145,380,275,0.4944005369606291,0.5393258426966292,0.16091954022988506,0.47191011235955055,0.0,"SS rbp and zinc levels were evaluated in normal subjects and pancreatic CA patients, showing a significant decrease in rpb and concomitant reduction in Pr and zinc. MRA suggested that the reduction in rpb is mainly due to decreased Pr levels, while zinc's role is negligible."
2025-11-21T16:24:05,12,12250182,328,347,0.3828361139156596,0.32941176470588235,0.048192771084337345,0.28235294117647053,0.2,"An accidental intravenous infusion (IV) of an EF can cause fatal or life-threatening complications, including sepsis, acute respiratory and circulatory failure, acute kidney injury, hepatic dysfunction, coagulation disorders, and permanent neurological sequelae, due to compatible connections between EF systems and intravenous infusion catheters."
2025-11-21T16:24:05,13,15391307,1703,542,0.42081270376888075,0.30088495575221236,0.05405405405405406,0.1769911504424779,0.2,"CPPs and antimicrobial MMPs share physicochemical properties that enhance their functional characteristics. We evaluated antimicrobial properties of a latarcin-derived peptide LDP against microorganisms and found that LDP exhibited bactericidal activity against MRSA, while its fusion with NLS significantly reduced cytotoxicity in Hela cells and improved cellpenetrating activity. LDPnLS showed antimicrobial and bactericidal effects against MRSA and inhibited MRS infection in Hela cells, suggesting dual action with AMP and CPP properties."
2025-11-21T16:24:05,14,13339820,642,384,0.4440855642021395,0.5054945054945055,0.22471910112359553,0.3516483516483517,0.1,"In patients with diabetes mellitus, ABD ultrasonography is a diagnostic technique used to detect and monitor secondary and accompanying diseases of the liver, kidneys, pancreas, and gastrointestinal tract, as well as abdominal vessels. The review highlights its role in identifying etiological factors of diabetes and its diagnostic relevance in hepatic and pancreatic manifestations."
2025-11-21T16:24:05,15,2731895,1280,568,0.32072340343085626,0.24793388429752064,0.03361344537815126,0.1652892561983471,0.3,"The study evaluated bacteriostatic activity of immunoglobulins from bovine and human colostrum and milk, LTF, and Siga from pooled HM against *E. coli* in a TC medium. Pooled Siga showed slight bacteriostatic activity against human commensal or *E. coli* strains, but had a stronger effect only on *E. coli* serotype O1. The results demonstrated that acetyl-CoA (AC) to fatty acid (FA) and triglyceride (TG) proportions in the infant's blood were indicators of HFA utilization, and decreased carnitine intake was associated with impaired HFA oxidation and ketogenesis."
2025-11-21T16:24:05,16,13860058,744,374,0.39564160660674824,0.25999999999999995,0.04081632653061224,0.18000000000000002,0.1,"CC is one of the top three cancers in the world, with colonoscopy as the gold standard for diagnosis, but it is costly and labor-intensive. Alternative modalities like guaiac and immunohistochemical FOB tests are available, and their implications are reviewed. CTC and colon CE are being studied for their role in CC screening, with flexible sigmoidoscopy as an alternative."
2025-11-21T16:24:05,17,13962623,365,258,0.29714729466749273,0.32,0.0273972602739726,0.24,0.1,The study compares the HRT disc area to the NVD ratio and evaluates its effectiveness in diagnosing congenital ONH conditions by determining the optimal cutoff value. The findings aim to assess whether HRT can differentiate hypoplastic discs from normal NVD.
2025-11-21T16:24:05,18,15000522,1756,327,0.3207334566624417,0.42000000000000004,0.04081632653061225,0.24000000000000002,0.1,"The study evaluated two PCR assays (RTIIPCR and IIPCR) for Felv detection in feline plasma or SS samples, achieving a 95% CA limit of RNA and 5 DNA copies for the RTIIPCR, while the IIPCR had 6 DNA copies. Both methods showed comparable sensitivity to a reference RT-PCR and QPCR, and demonstrated high agreement with the QPCR."
2025-11-21T16:24:05,19,6642105,1099,370,0.3661238195875055,0.3272727272727273,0.11111111111111112,0.2545454545454546,0.1,"The study shows that mice lacking smp exhibit increased MR, abnormal vacuoles, mitochondria, and C1 lysosomes, with a higher total hepatic TG and cholesterol compared to wild-type mice. These findings suggest that smp has a Bcl-2 CF with a wide spectrum, indicating susceptibility to harmful reagents, making smpko mice a useful tool for aging and biological monitoring."
2025-11-21T16:24:05,20,7525370,762,340,0.21658938833654623,0.3516483516483516,0.11235955056179774,0.3076923076923077,0.2,"The management of obesity includes surgical interventions such as gastroplasty, gastric bypass, and intragastric balloon, with T3 showing efficacy in inducing weight loss. Patients with morbid obesity who previously failed medical treatment now benefit from these procedures. Surgical techniques vary based on individual patient conditions."
2025-11-21T16:24:05,21,6425169,1014,508,0.44008254272177116,0.4426229508196721,0.2,0.3114754098360656,0.2,"Exposure to gestational diabetes in rats leads to dysplasia of the ventromedial hypothalamic nucleus (VMN), which is crucial for regulating body weight and metabolism. VMN malformation is absent in adult F1 offspring of GD mothers treated with islet transplants during gestation, and no morphometric changes occur in the PVH Thy nucleus. Prevention of VMN malformation in offspring of islet transplanted IDDM mothers is directly linked to normalized maternal metabolism during critical perinatal development."
2025-11-21T16:24:05,22,12171387,1105,460,0.3802756028127189,0.46153846153846156,0.08695652173913043,0.25641025641025644,0.4,"A year-old Caucasian male patient with giant coronary artery aneurysms was found on a CT scan, including a LAD aneurysm, and underwent CABG and nephrectomy using specific grafts. Giant coronary artery aneurysms are rare in pediatric patients and predominantly secondary to atheromatous disease, with coexistence of extracoronary aneurysms being extremely rare. The case highlights the importance of imaging to identify extracoronary aneurysms in such patients."
2025-11-21T16:24:05,23,7770253,1250,716,0.2571232569749873,0.2206896551724138,0.05594405594405595,0.13793103448275862,0.4,"Thromboembolic adverse reactions were reported after transfusion of SDPL plasma in the United States (US) and European Union (EU) markets, with US plasma showing significantly lower concentrations of clotting factors and increased levels of fibrin monomer, complement activation, and lipoprotein A (LPA), while EU plasma had lower LPA and complement levels. The US plasma also had higher concentrations of protein S activity and anti-trypsin inhibitor MICs, with substantial losses of protein S and free antigen antitrypsin inhibitor activity. The US plasma had a very high C2 of complement activation (desargase) and elevated LPA, which could contribute to thrombogenicity, while EU plasma had lower levels of both."
2025-11-21T16:24:05,24,3245452,816,283,0.28685556559960385,0.3132530120481927,0.049382716049382706,0.14457831325301204,0.1,LF has been implicated in normal regulation of myeloid blood cell production and abnormalities in its interactions are associated with hematopoietic disorders. Studies using gel PACE and chromatography revealed its ability to form tetramers and exhibit a bipolar charge distribution.
2025-11-21T16:24:05,25,11038275,1426,446,0.2957026250168658,0.2931034482758621,0.07017543859649122,0.17241379310344826,0.25,"CCS is a unique soft tissue tumor with a nested or fascicular DP of spindle cells and a tqq translocation, resulting in a fusion gene. It occurs in the skin and mimics spindle cell melanoma, with a year-old boy, year-old woman, and year-old man presenting cutaneous lesions in the thigh and sole. All cases were confirmed molecularly, and while a junctional melanocytic proliferation was present, only one patient developed lymph node metastasis."
2025-11-21T16:24:05,26,1081195,995,490,0.2506570867991444,0.34862385321100914,0.09345794392523364,0.22018348623853212,0.1,"Cirrhosis is a common outcome of chronic active AIH with subgroups based on immunological markers, with three quarters of patients being young women. The MLD diagnosis is often made during the evaluation of chronic AS SH or for jaundice episodes, but it rarely occurs in decompensated or constitutive stages. Fulminant forms are rare and associated with extrahepatic autoimmune manifestations, requiring corticosteroid therapy, which extends life but does not prevent cirrhosis development."
2025-11-21T16:24:05,27,1049823,972,369,0.3156210145906416,0.44897959183673464,0.10416666666666667,0.2857142857142857,0.1,"AS buffers in school-age children were identified and described through qualitative data from well children, revealing that four GA themes‚Äîintrapsychic comfort, physical/social MICs, social support, and PCS comfort‚Äîemerged. The study found that boys and girls differed in their experiences with AS buffers, with implications for research and community nursing practice."
2025-11-21T16:24:05,28,4462378,140,197,0.4599649560596486,0.5294117647058824,0.1818181818181818,0.38235294117647056,0.4,"A patient with systemic arterial hypertension (SA) developed nephrotic syndrome, which was first reported as MCD associated with SA. The findings suggest this is the first case of MCD linked to SA."
2025-11-21T16:24:05,29,15725373,851,457,0.46232368759532194,0.32075471698113206,0.09615384615384615,0.2641509433962264,0.1,"The study analyzed repeated measurement data to determine longitudinal associations between hyperuricemia and risk factors for hypertension, including arterial stiffness, renal dysfunction, and inflammation. Mixed models revealed a significant longitudinal association between hyperuricemia and changes in brachialankle pulse wave velocity, estimated glomerular filtration rate, and C-reactive protein levels, showing potential for hypertension development."
2025-11-21T16:24:05,30,15538664,214,264,0.23389614691168756,0.5063291139240507,0.15584415584415584,0.27848101265822783,0.0,"ACP is recognized as an important component of palliative care but requires exploration of its integration into routine practice for timely, person-centered discussions. The text emphasizes the need for further investigation to ensure its effective implementation."
2025-11-21T16:24:05,31,8921471,1261,446,0.20021379792879834,0.3584905660377358,0.03846153846153846,0.1509433962264151,0.4,"The study found that the recombination signal-binding protein (RBPJ) regulates both resting and regenerative liver sinusoidal (LSEC) cells, leading to improved venoocclusive disease and reduced HCs regeneration. Conditional deletion of RBPJ results in impaired LSEC proliferation and degeneration, as well as a more severe venoocclusive phenotype. Molecular analysis revealed disturbed expression of VEGF, IL-1, and HGF in the regenerative liver."
2025-11-21T16:24:05,32,7595636,455,296,0.367017452130231,0.5176470588235293,0.14457831325301204,0.32941176470588235,0.0,"The scientific community has focused on clinical aspects of late-onset hypogonadism (LOH) in aging males due to growing knowledge of male hormonal changes and the aging population. The syndrome is well defined by the term LOH, and research has explored its pathophysiology and diagnostic methods."
2025-11-21T16:24:05,33,16063470,1620,520,0.31241085797315604,0.4715447154471545,0.23140495867768596,0.30894308943089427,0.4,"Smart waste collection strategies in the UAE have been developed to optimize collection based on dynamic fill levels and waste patterns, with a focus on reducing environmental impact and operational costs. The study compared a geographic NIS-based smart collection system (SCS) to conventional practices, evaluating time pollution, cost, and emissions. By analyzing subscenarios and reducing waste generation, SCS achieved a 15% reduction in operational costs and carbon emissions, while improving collection trip times."
2025-11-21T16:24:05,34,7550821,1289,390,0.24114145079842617,0.3673469387755102,0.10416666666666667,0.22448979591836735,0.25,"FMI fmri uses gradient echo EPI to measure blood oxygen signal changes, with t varying across the brain. Parallel imaging reduces artifacts by exploiting long echo trains, optimizing with pixelwise weighted summation for enhanced sensitivity. The method improves bold CNR and reduces image distortion, as shown in experiments, leading to better signal resolution and widespread application."
2025-11-21T16:24:05,35,1877756,1206,585,0.37527903773031324,0.29007633587786263,0.062015503875968984,0.22900763358778625,0.2,"A high-resolution X-ray crystallographic investigation of the complex between carboxypeptidase A (CPA) and glycylltyrosine revealed a well-resolved structure where the zinc ion of the active site forms a five-coordinate polyhedron with three enzyme residues, glu, histidine, and histidine, and the carbonyl oxygen and amino terminus of glycylltyrosine. The results confirm that the ATP is likely bound in a nonproductive manner due to the displacement of the hydrolytically important zinc-bound water, and suggest that substrates with an unprotected amino terminus are poor substrates."
2025-11-21T16:24:05,36,12164703,1295,390,0.23002884205186389,0.42352941176470593,0.21686746987951808,0.2588235294117647,0.1,"Selenium supplementation in thioacetamide-induced cirrhotic rats reduced liver cirrhosis markers and restored antioxidant enzyme activity, indicating its protective effects. The study evaluated selenium's efficacy by comparing groups receiving thioacetamide (first phase) and sodium selenite (second phase), showing significant reductions in bilirubin and enzyme activity in cirrhotic rats."
2025-11-21T16:24:05,37,5447636,414,356,0.4444070783252903,0.3516483516483516,0.1348314606741573,0.2857142857142857,0.1,"Depression in later life poses a serious threat to mental health and wellbeing of older individuals with comorbid medical conditions, as well as through interactions, may influence the manifestation of depression. Insights into the role of medical comorbidity in depression can help better address both physical and mental health care needs of the elderly."
2025-11-21T16:24:05,38,15995653,1387,469,0.2833562352534293,0.4,0.17886178861788618,0.30400000000000005,0.1,"The superior colliculus (SC) is crucial for controlling eye movements in rodents and plays a role in whisking behavior. Unilateral lesioning of the SC caused a shift in the resting position of vibrissae on the affected side and increased whisking amplitude on that side. Neuronal labeling revealed that the SC sends axons primarily to the CL side, and its projections reach the intermediate and pre-B√∂tzinger complex, which are involved in rhythmic vibrissal movements."
2025-11-21T16:24:05,39,3357306,283,256,0.5575149478514038,0.6,0.3235294117647059,0.5428571428571428,0.2,"A female patient with small-cell lung cancer and extensive bone marrow metastases achieved a complete response (CR) with T3 combination chemotherapy, including etoposide, after intravenous administration of teniposide, which led to significant improvement."
2025-11-21T16:24:05,40,8969613,582,399,0.48846028979763945,0.37999999999999995,0.1020408163265306,0.32,0.1,"We report a method of creating electrostatically induced quantum dots using thermal DWI of interstitial Mn ions in a p-type GaAs layer, forming deep, circular potential minima in a large micromes diode structure. This approach avoids T3 lithography and electrostatic gating, revealing the symmetry of electronic eigenfunctions and a rich SE level spectrum with orbital angular momentum component lz."
2025-11-21T16:24:05,41,3433289,1628,565,0.30428368476804024,0.3779527559055118,0.047999999999999994,0.1889763779527559,0.2,"A compound may be neurotoxic by interfering with a metabolic step in a specific class of neural cells, such as those involved in myelin synthesis, and its presence in the system leads to demyelination. The model studies tellurium, which blocks cholesterol biosynthesis at the SE step in developing IP nerves, leading to demyelination. This process is confounded by the lack of upregulation of the cholesterol biosynthetic pathway in myelin-forming cells, resulting in an immediate secondary response and remyelination without complications like axonal degeneration."
2025-11-21T16:24:05,42,1673357,549,332,0.37659711228016873,0.5333333333333333,0.1590909090909091,0.35555555555555557,0.1,"A composite profile of empathic individuals was developed using a checklist of adjectives from gough and heilbruns ACLs, with students in a counseling course nominating them. The profiles aligned with the Rogersian definition of empathy and factor sociability, and showed consistent results across the nominated sample and students."
2025-11-21T16:24:05,43,11208971,980,515,0.3824288686997911,0.3559322033898305,0.17241379310344826,0.23728813559322035,0.25,"NMDA receptor NRAB subunits have PDZ-binding domains on their extreme c-terminal regions, which interact with PSD proteins. The study investigates interactions between PSD family proteins and NRAB cytoplasmic tails, with findings showing that these interactions occur serially in the endoplasmic reticulum (ER) pathway, leading to clustering near the synapse. The PDZ IB domain of NRAB is essential for restricting surface cluster formation, while the interaction with SAP and PSD is critical for initial targeting."
2025-11-21T16:24:05,44,4246550,1640,527,0.42582432133131803,0.43859649122807015,0.1607142857142857,0.22807017543859648,0.1,"DNA polymerase Œ≤ is required for the predominant pathway of BER involving single nucleotide gap filling in mammalian cells. Lipopolysaccharide treatment increases DNA polymerase Œ≤ levels and enhances BER capacity in both monocytes and fibroblasts, while MMS resistance is improved by this upregulation. Lipopolysaccharide-mediated upregulation of the BER system correlates with increased resistance to MMS, suggesting that oxidative stress-inducing agents enhance DNA polymerase Œ≤-dependent base excision repair (BER) capacity."
2025-11-21T16:24:05,45,6132333,1530,506,0.3415617487473263,0.38181818181818183,0.09259259259259259,0.21818181818181817,0.25,"The study aimed to describe the structure of an oral health program in a university-affiliated hospital, evaluate staff knowledge and attitudes, and propose ways to integrate oral health prevention into clinical education. Structured interviews and clinic reports were used, with themes identified including motivation, operational, and organizational challenges. The program successfully implemented ECC prevention, leading to the reduction of dental caries from the eleventh to the most common diagnosis."
2025-11-21T16:24:05,46,3900234,941,402,0.3057478710911874,0.2708333333333333,0.10638297872340426,0.18749999999999997,0.25,"Surface electromyogram potentials were recorded from the APB and EDL muscles in response to graded nerve stimulation. Subtractive potentials were used to determine intermediate and maximal compound muscle action potentials (MCMAPs). The average RL (onset and negative peaks) and duration of the negative phase were similar across all fractions, while smaller fractionation showed increased variability."
2025-11-21T16:24:05,47,10383446,1408,482,0.4934094007093368,0.4067796610169492,0.10344827586206896,0.23728813559322035,0.4,"A pot experiment demonstrated that soil amendment with NRC enhanced the bulk density of contaminated soil, significantly reducing its density from g cm to g cm at the soil conditioner level. The treatment increased biomass, root length, and root-shoot ratio, while improving phytoextraction efficiency of Cd. However, no significant increase in zn concentration or removal was observed, but the soil's reduced bulk density improved the root system and Cd phytoextraction efficiency."
2025-11-21T16:24:05,48,13395366,1458,535,0.3248392388864597,0.3247863247863248,0.12173913043478261,0.18803418803418803,0.3,"We found that paternal cocaine exposure increased anxiety-like behaviors in male offspring rats, as measured by novelty-induced hypophagia and defensive burying tasks, compared to controls. Sire cocaine experience did not affect anxiety-like behavior in female offspring, but did enhance anxiety and depression-like symptoms, as measured by the forced swim task. Additionally, offspring from cocaine-experienced sires showed increased expression of CRF-R mRNA and protein in the hippocampus, indicating altered baseline anxiety levels."
2025-11-21T16:24:05,49,6588826,1231,455,0.3907252310116453,0.4262295081967213,0.18333333333333332,0.22950819672131148,0.25,"A series of novel NBS mutations among children with primary microcephaly was not known, and early diagnosis is crucial for preventive care and therapy. Testing Czech children with simple microcephaly identified three new NBS cases, which were all younger than a year and born within a year period. The incidence rate of NBS heterozygotes and birth rate in the Czech Republic support the expectation of three new homozygotes expected in the next few years."
2025-11-21T16:24:05,50,6658395,1688,428,0.20066887201438402,0.3047619047619048,0.0970873786407767,0.19047619047619047,0.25,"Natural phenolics such as protocatechuic and tannic acids inhibit MC-induced cytochrome P450 and phase II enzymes in experimental models. PCA treatment minimally reduces MC-induced enzyme activity but shows significant differences, with a weak inhibitory effect on hepatic PNPH. Western blot analysis confirms the same inhibitory effect on hepatic CYPA and CYPB, while treatment with PCA also reduces induced PNPH in the kidney."
2025-11-21T16:24:05,51,12479069,400,380,0.5166961533576343,0.43956043956043955,0.1348314606741573,0.35164835164835173,0.1,"A highly efficient synthesis of planar chiral ferrocenes was achieved via enantioselective pDC catalyzed direct arylation from readily available starting materials under mild conditions, resulting in products that can be efficiently transformed into highly efficient planar Fc ligands, showing high efficiency in pDC-assisted asymmetric allylic alkylation and amination reactions."
2025-11-21T16:24:05,52,13042040,1329,447,0.2838216832634173,0.29090909090909084,0.07407407407407407,0.21818181818181817,0.1,"The study investigated the protective effects of phospholipase a (PLA) from BV against acetaminophen-induced hepatotoxicity in mice. BV significantly increased the number of Treg cells and suppressed immune disorders, while PLA showed hepatoprotective properties. The results demonstrated that PLA could prevent CL injury via Treg-mediated mechanisms, with reduced AST, ALT, and pro-inflammatory cytokines in PLA-treated mice compared to controls."
2025-11-21T16:24:05,53,4859396,1371,570,0.36634432676079154,0.37398373983739835,0.04958677685950413,0.2439024390243902,0.25,"This study tested the hypothesis that spontaneous micronuclei in lymphocytes from a normal human subject with an unusually high MN frequency were nonrandom. Using RAPD and PCR, a cosmid clone was isolated that hybridized to chromosomes, and commercial probes were included in analysis. No significant differences were found between the subject and controls in micronuclei hybridization with centromere or painting probes, but the subject showed a highly significant increase in chromosome presence in micronuclei, suggesting a potential role in inherited or induced CIN."
2025-11-21T16:24:05,54,310569,1871,547,0.14459708060040483,0.31147540983606553,0.06666666666666668,0.180327868852459,0.4,"LC is a th-century lung disease with a global prevalence, characterized by increased incidence in urban-rural areas, and influenced by factors like genetic predisposition and environmental exposure. The epidemiological study suggests that environmental carcinogens introduced by the 1900s are likely responsible for the rising incidence, with genetic factors playing a role in some populations. This finding supports the hypothesis that environmental air pollution contributes to lung cancer, highlighting the need for public health interventions."
2025-11-21T16:24:05,55,10750471,1520,460,0.2519685718846404,0.3619047619047619,0.038834951456310676,0.20952380952380953,0.4,"Five subjects with stroke and hemiparesis showed changes in language and motor activity via fMRI and PET following motor therapy. The study found that language changes correlated with motor activation patterns, particularly in the left hemisphere, and that subjects with language improvements exhibited the most significant motor improvements. The results suggest that understanding these mechanisms could lead to more effective and synergistic rehabilitation."
2025-11-21T16:24:05,56,9651963,1487,437,0.22813198434862095,0.41904761904761906,0.11650485436893203,0.2857142857142857,0.25,"Farnesyl CPS plays a key role in plant triterpene biosynthesis, with its expression enhanced in transgenic plants. Transgenic *C. asiatica* overexpressing the FGFP gene led to increased C2 levels in hairy roots, with upregulation of CADD and CAYC transcripts, suggesting a role in altering triterpene biosynthesis. The results indicate that FGFP contributes to phytosterol biosynthesis and may regulate triterpene content in hairy roots."
2025-11-21T16:24:05,57,4791363,455,255,0.24896320191655355,0.5128205128205128,0.2631578947368421,0.46153846153846156,0.3,"A year-old man ingested a diluted diquat solution containing paraquat, which caused systemic DQ toxicity, leading to symptoms like sore throat, vomiting, and epiglottitis, with the first reported case of such toxicity from ingestion of a diluted solution."
2025-11-21T16:24:05,58,3268582,2096,484,0.14161992078073693,0.3333333333333333,0.10714285714285714,0.2280701754385965,0.25,"Acute cardiac allograft rejection is associated with increased donor-reactive T cells in the IP blood, and donor-reactive T cell frequencies may predict allograft acceptance. The study evaluates the relationship between donor-reactive T cells and allograft acceptance in long-term cardiac transplants. Patients with persistent rejection showed reduced donor-reactive T cells at year after transplant, while those with persistent rejection maintained high donor-reactive T cell counts."
2025-11-21T16:24:05,59,2164214,957,327,0.3100464874553584,0.5154639175257731,0.14736842105263157,0.30927835051546393,0.25,Patients with stage III or poorly differentiated gastric cancer who received adjuvant chemotherapy had a significantly higher survival rate compared to those who received only adjuvant chemotherapy. The treatment group receiving alternating therapy with futraful and psk showed a notably higher survival rate in the first year.
2025-11-21T16:24:05,60,3106114,818,417,0.5441360922030566,0.37999999999999995,0.10204081632653061,0.22000000000000003,0.1,"A total of half disarticulated PS coronary stents were implanted in patients, with a procedural success rate of elective stenting in five patients. Other patients received half stents for bailout, including short dissections, relapsing stenoses, and thrombus-containing lesions. Seventeen patients received no anticoagulation, with complications such as procedural death, acute occlusions, and myocardial infarctions."
2025-11-21T16:24:05,61,3498940,1429,550,0.2348560476912439,0.3384615384615385,0.062499999999999986,0.24615384615384614,0.25,"Functional disability was evaluated in a cross-sectional study using the OECD Economic Cooperation and Disability (ECD) questionnaire, with results showing a reduced set of ten items (cumulative reproducibility and scalability coefficients) and a simplified score. MCA and Guttmann scales were used to assess item unidimensionality and severity, respectively. The study found that males were less disabled than females, with a slight decrease in disability levels up to T3, and a reduced need for CHS/PT nursing services in more disabled individuals."
2025-11-21T16:24:05,62,2624976,1109,413,0.3111052651531367,0.4421052631578948,0.12903225806451613,0.37894736842105264,0.2,"The removal of sialic acid from day chick embryo HR cells during incubation resulted in hyperpolarization of MDP reduction, slowing of negative threshold potential shifts, and increased action potential OS, opposing effects of phospholipase C. This suggests that neuraminidase enhances calcium influx, potentially by binding internal negative charges, leading to altered voltage dependence and kinetic parameters."
2025-11-21T16:24:05,63,13947286,983,500,0.22994861294259644,0.3448275862068965,0.12280701754385964,0.20689655172413793,0.25,"PF the main AS component of the peony plant exerts various pharmacological effects, including reducing inflammation and apoptosis, as shown in a study using transgenic mice to assess its protective effects against Alzheimer‚Äôs disease. The Morris Water Maze test demonstrated improved cognitive function in ad mice treated with paeoniflorin, with protein expression levels of nuclear factor-√é¬∫B, TNF-√é¬±, IL-2, and caspase-3 correlated with reduced oxidative stress and enhanced mitochondrial function."
2025-11-21T16:24:05,64,8941177,1251,425,0.32297243562185496,0.3119266055045871,0.056074766355140186,0.14678899082568808,0.25,"Lower motoneurons in the motor cortex of familial ALS are extensively documented, while information on corticospinal neurons in these mice is limited. In a study, mRNA C2 of inflammation-related molecules was found in deep layers of CSN. Axonal damage and inflammation were observed in presymptomatic and end-stage superoxide dismutase SOD mice, revealing early and progressive changes in CS cell bodies and glial activation."
2025-11-21T16:24:05,65,5372006,1356,541,0.4898543401891088,0.21538461538461542,0.031249999999999993,0.12307692307692307,0.3,"CD expression in breast carcinomas is a marker of vascularization and neoplastic features, with CD found in large, high NG ductal carcinoma in situ (HGDCIS) and associated with poorly differentiated invasive ductal carcinomas (GIDC). Double staining using CD and GIDC-specific antibodies revealed CD tumor cells spread throughout the glandular tree, while CD and CD were not present in metastatic sites. CD expression correlates with tumor spread within the ductal system, and its coexpression with CD is necessary for an invasive phenotype."
2025-11-21T16:24:05,66,12997615,1792,398,0.2578006096320359,0.3368421052631579,0.12903225806451613,0.31578947368421056,0.3,"This study reports a family with primary hyperparathyroidism due to parathyroid carcinoma, with all three patients undergoing parathyroidectomy and thyroidectomy, and identified a germline mutation in the *HRPT* gene. The findings show that lycocin (LC) monocytes contribute to acute injury and repair in both genotypes, but their role in recovery after intracerebral hemorrhage is not significant."
2025-11-21T16:24:05,67,7027201,1224,313,0.18315791601500017,0.2298850574712644,0.07058823529411765,0.2068965517241379,0.4,"This paper describes a method using single-molecule fluorescence and DWI analysis to measure the encapsulation efficiency (EE) of lipid vesicles, revealing that oligolamellar vesicles (OLVs) have an EE of 34%, while micellar vesicles (MLVs) have an EE of 17% when measured using the threedimensional DWI equation."
2025-11-21T16:24:05,68,2776729,706,369,0.26680075448629775,0.43478260869565216,0.15555555555555556,0.2608695652173913,0.1,"The ICM compartment syndrome develops due to unphysiological pressure in the extremity muscles, leading to ischemia and potential nerve damage in the distal forearm. A young female patient with a unique site (deep extensor compartment) experienced this syndrome after osteotomy and resection of fibrotic musculature, requiring surgical intervention to restore function."
2025-11-21T16:24:05,69,8907055,138,340,0.2799594674369498,0.32098765432098764,0.10126582278481014,0.17283950617283952,0.25,"The study examines the relationship between the historical use of cognitive therapy (CRT) and facial expression recognition (FER) skills among survivors of childhood trauma (BT), focusing on gender-specific patterns. It investigates how CRT history influences FER performance in survivors, using objective data and standardized assessments."
2025-11-21T16:24:05,70,163259,1142,354,0.31256923298090955,0.40816326530612246,0.22916666666666663,0.346938775510204,0.1,"The multibreath n washout test evaluates vavol distributions in the lung, using linear programming to assess compatibility with data. Twelve examples show that narrow distributions can be well specified with up to four distinct modes, but broad distributions require careful analysis, and high vavol resolution depends on measuring the first few breaths."
2025-11-21T16:24:05,71,11661569,1684,437,0.17789375994826193,0.2803738317757009,0.0,0.14953271028037382,0.3,"In many renal diseases, TGF-Œ≤ stimulation promotes canonical and noncanonical pathways that regulate MC hypertrophy, with the molecular mechanisms involving SMAD and TOR pathways. Recent studies have shown that TGF-Œ≤ activates both TOR and MTOR, which are key regulators of MC hypertrophy. The inhibition of TGF-Œ≤ by DEPTOR, a protein that inhibits MORT and TOR, is achieved through both early and sustained activation of these pathways."
2025-11-21T16:24:05,72,9247869,64,267,0.18083652001713005,0.3283582089552239,0.1846153846153846,0.23880597014925378,0.4,Internet-based sex therapy for men with ERG ESC cell clones has been shown to improve symptoms and quality of life through targeted interventions. The study utilized a combination of digital platforms and evidence-based practices to address the condition effectively.
2025-11-21T16:24:05,73,11506154,1185,568,0.28310181844344084,0.459016393442623,0.06666666666666667,0.26229508196721313,0.25,"Urocortin-induced peripheral CRF receptor activity in rodents decreases FI and GE, but its effect on circulating ghrelin levels remains poorly studied. In AL-fed rats, urocortin (UCNs) injected intravenously increased ghrelin plasma levels (rapid and prolonged) and glucose, while selective CRF agonists enhanced ghrelin levels and acylated forms, whereas non-selective CRF agonists did not. UCN's effect on ghrelin was blocked by an antagonist, indicating a role in CRF-mediated pathways, possibly through nicotinic mechanisms, independent of hyperglycemic responses."
2025-11-21T16:24:05,74,1632724,2202,486,0.40593410241192884,0.5116279069767442,0.14173228346456693,0.23255813953488372,0.25,"The study shows that type I insulin-like growth factor (IGF) receptors mediate cell division and DNA synthesis, while type II receptors are not involved. A monoclonal antibody (alpha IR) inhibits type I IGF activity and shows mitogenic effects on human fibroblasts, indicating that insulin signaling via IL-1RI mediates these effects. The results highlight that human cell lines differ in their receptor types, and these differences are intrinsic properties, not experimental artifacts."
2025-11-21T16:24:05,75,13539380,879,496,0.4779128685789952,0.4077669902912622,0.0,0.3106796116504854,0.1,"The study investigated the in vitro effects of sulphated heterorhamnan go iotanucarrageenans gd and ehwi, and arabinogalactan aragal PSs on macrophage activation and leishmania l amazonensis intracellular amastigotes. Sulphated PSs showed increased nitric oxide production and comparable leishmanicidal activity to MA at 1 Œºg/ml, while superoxide anion scavenging activity varied. The results indicate promising potential for these polysaccharides as new therapeutic agents against leishmaniasis."
2025-11-21T16:24:05,76,5312491,618,275,0.4482756229170064,0.5393258426966293,0.20689655172413796,0.40449438202247195,0.25,"The Varicella-Zoster virus modulates MHC class I and II expression in infected TA and fibroblasts, downregulating MHC class I and inducing MHC class II. This interference prevents host immune responses mediated by CD and CD4/8, allowing the virus to infect susceptible cells."
2025-11-21T16:24:05,77,4867137,1696,508,0.2765703091005407,0.3304347826086957,0.05309734513274336,0.20869565217391303,0.2,"Lp has been shown to possess multiple genetic loci influencing its survival in host cells, including those involved in macrophage-specific infectivity. Mutants of *L. pneumophila* exhibit defects in intracellular survival and cytopathogenicity, with the *mila* gene causing a defect in intracellular trafficking. This defect was repaired by a PCR fragment containing only *mila*, indicating disruption in intracellular replication, as evidenced by colocalization of phagosomes with markers like lamp and bip."
2025-11-21T16:24:05,78,12221526,1057,355,0.15242960288881588,0.3043478260869565,0.06666666666666667,0.2608695652173913,0.4,"The text describes a rare disease, RODFMAN, which presents as nodal disease in young children and can involve extranodal sites like the appendix. A case of extranodal RODFMAN in a 10-year-old woman with appendicitis was identified, revealing features such as inflammation, lymphoid infiltration, and histopathological findings consistent with the disease."
2025-11-21T16:24:05,79,7135742,2405,479,0.30672668273387266,0.37837837837837834,0.055045871559633024,0.1801801801801802,0.25,"Folliclestimulating hormone (FSH) is a glycoprotein produced by the anterior pituitary gland, used in clinical settings to treat infertility and male hypogonadism. Recombinant FSH, available as S9 and follitropinalpha, offers improved efficacy, consistency, and cost-effectiveness compared to urinederived S9 and urofollitropin. Follitropinalpha, with its enhanced mass and clinical efficacy, is shown to be more effective than urofollitropin in treating anovulatory infertility."
2025-11-21T16:24:05,80,9904605,1353,745,0.6138741216263716,0.30656934306569344,0.07407407407407407,0.1751824817518248,0.1,"This investigation aimed to understand physician discomfort with patient compliments by analyzing audiotaped surgeon-patient encounters using CA. The findings demonstrate that both the placement and design of compliments are consequential for how surgeons respond, and that compliments offered after treatment recommendations are not designed to pursue institutional agendas but are responded to in ways consistent with everyday compliment responses, with modifications preserving surgeons' expertise. Compliments offered before treatment recommendations may or may not foreshadow a patient's agenda, and this work extends our understanding of the interactional functions of compliments and the resources patients use to pursue desired outcomes."
2025-11-21T16:24:05,81,3802358,972,303,0.2463806292870648,0.3764705882352941,0.09638554216867469,0.2588235294117647,0.2,"The study compared the effects of oral thyrotrophin-releasing hormone (TRH) and lithium on serum TSH and radioiodine (RAI) uptake in patients with Wilson's disease (WDTC), showing that TRH significantly increased TSH levels but did not increase RAI uptake, while lithium had no effect on either measure."
2025-11-21T16:24:05,82,875554,2441,578,0.25760587344469127,0.3484848484848485,0.061538461538461535,0.1818181818181818,0.25,"An increase in preb cell proliferation and B1 lymphocyte production in mouse bone marrow was observed after exposure to foreign agents, with these responses linked to the accumulation of mu and preb cells in T3-induced MI. The findings suggest that external stimuli, such as SE agents, can indirectly stimulate early F0 b cell production by activating macrophages via a silicasensitive mechanism. These results imply that macrophage activation may influence B cell genesis and proliferation, potentially linking elevated macrophage activity to conditions like anxiety disorders."
2025-11-21T16:24:05,83,13704390,2090,482,0.26520327890153494,0.3846153846153846,0.11764705882352941,0.21153846153846154,0.25,"Successful gene delivery requires nuclear access for efficient transfection. Studies show that histone-derived NLSs enhance nuclear entry and retention during mitosis by interacting with histone effectors, as demonstrated by colocalization and decreased transfection when importin expression is reduced. This approach improves chromatin targeting and reduces translocation events, supporting the hypothesis that histone effectors mediate both nuclear entry and chromatin deposition."
2025-11-21T16:24:05,84,4337701,1322,447,0.29894527856740394,0.39999999999999997,0.14814814814814814,0.3090909090909091,0.2,"A nested PCR assay detected P. carinii in children with chronic lung disease (CCLD) and immunocompetent status, while GMS andIFA showed similar results in children with AIDS or PCP. P. carinii DNA was also detected in blood samples, and children with CCLD showed improved outcomes with cotrimoxazole treatment. The study found a correlation between P. carinii and CCLD exacerbations in children without HIV infection or immunodeficiency syndromes."
2025-11-21T16:24:05,85,8466503,460,305,0.31453885877923016,0.4225352112676056,0.11594202898550725,0.36619718309859156,0.0,"Luciferases, specifically the Gaussia princeps luciferase, are used in vivo to monitor biological processes by quantifying their concentration in blood, with the Gaussia princeps luciferase assay complementing BLI for assessing cell viability, proliferation, and localization in disease or therapy models."
2025-11-21T16:24:05,86,990227,411,313,0.6061945179921483,0.4736842105263158,0.18918918918918917,0.3947368421052631,0.1,"CE hemodynamic and mediumsize molecular intoxication parameters were determined in patients with AI. Maximum indexes were associated with low cardiac index and high IPV1 resistance, and neuroleptanalgesia was accompanied by an increase in mediumsize molecule levels, which depends on initial volumic disturbances."
2025-11-21T16:24:05,87,9534982,204,192,0.3766040224137695,0.47457627118644063,0.2456140350877193,0.37288135593220334,0.0,"The introduction of highly active ART therapy has improved patient survival and quality of life, though the optimal timing of initial treatment remains under investigation. (2 sentences) ‚úÖ. üîç."
2025-11-21T16:24:05,88,15557858,162,262,0.7335204001727839,0.39999999999999997,0.1904761904761905,0.2153846153846154,0.0,The study aimed to evaluate the feasibility and safety of intracorporeal anastomosis with Bi BII or RY reconstructions in totally laparoscopic distal gastrectomy. The results indicated that these reconstructions were feasible and safe under the given conditions.
2025-11-21T16:24:05,89,14148854,1613,481,0.3517933531667466,0.32727272727272727,0.09259259259259259,0.2363636363636364,0.25,"The paper investigated surgical and hardware complications in VNS implantations, analyzing data over a mean follow-up period of 5 years. Key findings included complications such as postoperative hematoma, infection, vocal cord palsy, lower facial weakness, and nerve-related issues, with certain risks occurring in a low frequency. The study highlights that while VNS implantation is relatively safe, certain complications can occur, and a LT (longitudinal) perspective is crucial."
