run_timestamp,sample_idx,ABSTRACT_ID,orig_len,sum_len,tfidf_cosine,rouge1_f1,rouge2_f1,rougeL_f1,nli_avg_entailment,hallucination_score,hallucination_level,generated_summary
2025-11-10T00:22:50,0,2069316,1039,728,0.5654086499177318,0.46938775510204084,0.12371134020618557,0.29591836734693877,0.8011792500813802,0.19882074991861975,MEDIUM,"We developed an animal model of chronic allergic airway disease by repeatedly exposing nine sheep to tracheal instillation of ascaris antigen until stable RL increases were observed, with RL at three times control in six reactive sheep group C. The pulmonary CF tests and bronchoalveolar lavage analyses showed that RL was cm holsec in group C compared to groups A and B, and trapping volume FRC was l cm holsec in group A. UP resistance at PF was not different between groups, but near residual volume was cm holsec in group A, B, and C. Total cells were x ml in group A, B, and C, and macrophages, neutrophils, and eosinophils were present in all groups. Total proteins, albumin, and fibronectin did not differ between groups."
2025-11-10T00:22:50,1,6967959,1276,466,0.20652545264109157,0.4912280701754386,0.125,0.2807017543859649,0.9370155930519104,0.0629844069480896,LOW,"Pyogenic granulomas (PGs) are rare in the gastrointestinal tract, with a case reported from a 1-year-old patient who developed a PG during endoscopic evaluation. The lesion was found to be semipedunculated, irregular, and hypervascular, with a transarterial embolization and endoscopic resection performed without complications. Histological findings showed EC cells and inflammatory infiltrates, leading to a diagnosis of PG and the patient's asymptomatic recovery."
2025-11-10T00:22:50,2,3492721,1051,551,0.31485884851147483,0.47244094488188976,0.20799999999999996,0.3464566929133859,0.7049070000648499,0.29509299993515015,MEDIUM,"The lPS of *Neisseria meningitidis* was analyzed using Kd procedures and NMR spectroscopy, revealing structural information on specific regions of the lPS. Key findings include the endogenous sialylation at the terminal β-D-Galactopyranosyl residue in the α-d configuration and the presence of a PE substituent at the penultimate heptopyranosyl residue of the other antenna, as well as the elucidation of the structure of the deoxy-D mannose octulosonic acid disaccharide region. This data allowed reconstruction of the CR structure of the native lPS."
2025-11-10T00:22:50,3,8388738,400,232,0.4443726596207939,0.608695652173913,0.3283582089552239,0.46376811594202894,0.834807813167572,0.16519218683242798,MEDIUM,"The study assessed the relative prognostic value of dobutamine and dipyridamole SE in patients with idiopathic dilated cardiomyopathy (DCM) by comparing their effects on inotropic reserve, with a focus on predicting all-cause death."
2025-11-10T00:22:50,4,6234238,1121,451,0.3182497588176391,0.24299065420560748,0.0,0.14953271028037382,0.9540021022160848,0.045997897783915165,LOW,"Pyridoxine should be administered as a diagnostic test in all cases of convulsive disorders of infancy in which no other diagnosis is evident. A parenteral pyridine injection test is highly reliable and reproducible for confirming the diagnosis of pyridoxinedependent seizure. The dose of pyridoxine should be continued indefinitely and adjusted with age or intercurrent illnesses, with the recommended daily dose still having a relatively wide range."
2025-11-10T00:22:50,5,3874752,1651,525,0.3430853234037406,0.38461538461538464,0.125,0.276923076923077,0.8395333091417948,0.1604666908582052,MEDIUM,"A total of PA isolates were collected from GA hospitals in Japan, with 15 strains carrying the MBL gene. Southern hybridization and genomic DNA fingerprinting revealed that the MBL gene is transferred from p aeruginosa to E. coli via plasmid-mediated dissemination, and strains carrying the gene are not confined to a single clonal lineage. These findings suggest that metallobetalactamase-producing strains may proliferate widely, emphasizing the need for early identification and cautious use of broad-spectrum antibiotics."
2025-11-10T00:22:50,6,13253027,1487,467,0.30776752263332297,0.29126213592233013,0.019801980198019802,0.1359223300970874,0.882528563340505,0.117471436659495,LOW,"Dor predicts decreased ovarian response to stimulation, but does not necessarily forecast fecundity cycle outcomes. AFC, AMH, and antimullerian hormone are main predictors of Dor, with environmental factors, autoimmune diseases, infections, genetic abnormalities, and prior suboptimal responses to stimulation contributing to this condition. Endometriosis is considered a key contributor and its proper management is emphasized to prevent additional fertility issues."
2025-11-10T00:22:50,7,8512090,1040,575,0.27303370427186435,0.21875,0.015873015873015872,0.18749999999999997,0.497222438454628,0.502777561545372,HIGH,"We describe two cases of simple heterozygosity for the common β CT mutation, both with a TI phenotype, showing synergistic effects from membrane defects or red cell enzyme deficiencies. A triplication of the α-globin genes was found, which did not justify the severity of the transfusion-dependent phenotype. Multiplex ligation-dependent probe amplification (MLPA) analysis revealed two new rearrangements in the α-globin gene cluster, including a full duplication of the α-globin locus, which resulted in AS α-globin genes in one case and active α-globin genes in the other."
2025-11-10T00:22:50,8,3967251,1449,469,0.4409527172136652,0.4,0.11650485436893203,0.28571428571428575,0.8897127111752828,0.11028728882471717,LOW,"The study investigated the corrosion resistance and biocompatibility of tinixcux x alloys compared to tini alloys using EC and quantitative histomorphometric methods, revealing that tinixcux x alloys have higher repassivation potential and improved corrosion resistance. Cu addition increases repassivation potential and enhances corrosion resistance, but pitting potential remains constant. The connective tissue layer on tinicu plates is thicker than in other alloys."
2025-11-10T00:22:50,9,3262191,536,448,0.38504657559636957,0.3963963963963964,0.14678899082568808,0.2702702702702703,0.9892671505610148,0.010732849438985226,LOW,"Lithocholic acid metabolism was assessed via radiochromatography and gas-liquid chromatography/mass spectrometry, and its relationship to cholestasis was investigated. The study examined the role of the perivenous zone in LCA-induced cholestasis and its biotransformation, using BBZ and SP eye movements. Benzodiazepines and neuroleptics were compared, but no clinically equivalent doses were used, and no available test distinguishes between them."
2025-11-10T00:22:50,10,1052303,2446,580,0.3458950647959758,0.3165467625899281,0.0291970802919708,0.14388489208633096,0.47499295075734455,0.5250070492426555,HIGH,"The study demonstrated that parvocellular and magnocellular SNs of the PVH PVN are CE integrators of negative glucocorticoid (GC) effects, with evidence suggesting their expression of CRH and AVP being upregulated by post-lesion conditions. Total deafferentation of the PVN resulted in significant increases in CRH mRNA and a slight induction of AVP mRNA in the medial parvocellular but not posterior MC divisions. These findings indicate that neuronal input from anterior structures may not effectively regulate GC effects, while local GCs exert a clear influence on PVN neurons."
2025-11-10T00:22:50,11,2419145,380,315,0.5077954273417796,0.5306122448979592,0.16666666666666666,0.3877551020408163,0.976155161857605,0.02384483814239502,LOW,"SS rbp and zinc were evaluated in normal subjects and patients with pancreatic CA. A significant decrease was observed in rpb levels, along with a reduction in Pr and zinc, in pancreatic CA patients. MRA suggested that the decrease in rpb is primarily due to a reduction in Pr, while the role of zinc is negligible."
2025-11-10T00:22:50,12,12250182,328,354,0.3464085614214707,0.31111111111111117,0.022727272727272724,0.24444444444444444,0.9813810586929321,0.01861894130706787,LOW,"An accidental intravenous infusion (IV) of an EF can lead to fatal or life-threatening complications such as sepsis, acute respiratory and circulatory failure, acute kidney injury, hepatic dysfunction, coagulation disorders, and permanent neurological damage, with PE potentially arising due to compatible connections between EF systems and IV catheters."
2025-11-10T00:22:50,13,15391307,1703,545,0.40926207247853275,0.29357798165137616,0.018691588785046728,0.1651376146788991,0.6735571324825287,0.3264428675174713,MEDIUM,"CPPs and antimicrobial MMPs share physicochemical properties that enable overlapping functional characteristics, including cellpenetrating activity. Cellpenetrating MMP-derived peptides, such as LDP, exhibited antimicrobial activity against Mrsa and showed bactericidal effects on MMRSA, while showing cytotoxicity in Hela cells. Fusion of NLS to LDP significantly reduced cytotoxicity in Hela cells and improved cellpenetrating activity, while LDPNLS exhibited antimicrobial and bactericidal effects against MRS and showed reduced cytotoxicity."
2025-11-10T00:22:50,14,13339820,642,379,0.4213008066917635,0.39999999999999997,0.11363636363636365,0.24444444444444444,0.9773549735546112,0.022645026445388794,LOW,"In patients with diabetes mellitus, ABD ultrasonography is a diagnostic technique used to detect and follow up on secondary and accompanying diseases of the liver, kidneys, pancreas, and gastrointestinal tract. It helps identify etiological factors for diabetes and provides insights into the diagnostic relevance of ultrasonographic methods in hepatic and pancreatic conditions."
2025-11-10T00:22:50,15,2731895,1280,573,0.4126320393815355,0.2711864406779661,0.034482758620689655,0.20338983050847456,0.6196635067462921,0.3803364932537079,HIGH,"The study investigated the bacteriostatic activity of bovine and human colostrum and milk immunoglobulins, as well as LTF and SIgA from pooled human milk, against *E. coli* in a TC medium. Pooled human milk SIgA showed slight bacteriostatic activity against human commensal and EPEC strains but had a stronger effect on EPEC serotype. Plasma levels of ac, ffa, and triglycerides were measured during intralipid infusion, and results indicated that HFA utilization was correlated with carnitine intake, suggesting impaired HFA oxidation and ketogenesis in premature infants."
2025-11-10T00:22:50,16,13860058,744,434,0.3814796201279177,0.32075471698113206,0.057692307692307696,0.18867924528301888,0.9057466785113016,0.09425332148869836,LOW,"CC is one of the top three cancers in the world in terms of incidence, with colonoscopy being the gold standard for diagnosis. However, its use is costly and labor-intensive, making it unsuitable as a population-wide screening tool. Alternative modalities like guaiac and immunohistochemical FOB tests, as well as colon capsule endoscopy, flexible sigmoidoscopy, and doublecontrast BE, offer more evidence-based options for screening."
2025-11-10T00:22:50,17,13962623,365,253,0.47253024277886724,0.28571428571428575,0.10666666666666667,0.1818181818181818,0.9889118671417236,0.011088132858276367,LOW,"The HRT (Heidelberg Retinal Tomograph) evaluates the ratio of the distance between the optic disc and macula and the mean NVD diameter, as well as compares it to the HRT disc area to determine the optimal cutoff for diagnosing congenital ONH conditions."
2025-11-10T00:22:50,18,15000522,1756,443,0.30502084740018154,0.3539823008849558,0.036036036036036036,0.247787610619469,0.46987199783325195,0.530128002166748,HIGH,"FeLV Felv gamma retrovirus causes fatal haematopoietic diseases, and this T0 evaluated an insulated isothermal PCR (IPCR) and reverse transcription RT-PCR (RTIIPCR) for Felv detection. Results showed that both assays had analytical sensitivity comparable to a reference RT-PCR and QPCR, with 95% CA limit for PCD. The clinical performance of both assays was consistent with the QPCR, and the system had high agreement with the RT-PCR and QPCR."
2025-11-10T00:22:50,19,6642105,1099,636,0.3793606423583854,0.3108108108108108,0.0547945205479452,0.18918918918918917,0.7197135885556539,0.2802864114443461,MEDIUM,"The text describes a mouse strain lacking smp (SAMP) exhibiting decreased smp levels after three months, with increased MR (magnetic resonance) and abnormalities in HCs (histological components) such as empty vacuoles, enlarged mitochondria, and C1 lysosomes. The total hepatic TG (triglycerides) and cholesterol levels are higher in smpko mice compared to wild-type mice, and the cells are more responsive to apoptotic reagents, supporting the idea that smp has a Bcl-2-like function. These findings indicate smpko mice are highly susceptible to harmful reagents and suggest potential use as a tool for aging and biological monitoring."
2025-11-10T00:22:50,20,7525370,762,403,0.18181543185577162,0.30927835051546393,0.06315789473684212,0.26804123711340205,0.54935372620821,0.45064627379179,HIGH,"At present, the management of obesity involves integrating therapeutic strategies like diet, behavior therapy, and pharmacology, with patients receiving surgical interventions such as gastroplasty, gastric bypass, and an intragastric balloon. These procedures aim to treat morbidly obese individuals who previously failed medical treatment, with surgical techniques tailored to individual patient needs."
2025-11-10T00:22:50,21,6425169,1014,434,0.43748295869374376,0.39285714285714285,0.12727272727272726,0.23214285714285715,0.9725531339645386,0.027446866035461426,LOW,"Exposure to gestational diabetes in rats leads to dysplasia of the ventromedial hypothalamic nucleus (VMN), which is involved in regulating body weight and metabolism. Our findings show that VMN malformation is absent in adult F1 offspring of islettransplanted IDDM mothers during gestation. Postnatal analysis reveals reduced VMN neurons, volume, and density compared to controls, with no morphometric changes in the PVH Thy nucleus."
2025-11-10T00:22:50,22,12171387,1105,410,0.3243296580605857,0.49557522123893805,0.09009009009009009,0.3185840707964602,0.7153459936380386,0.28465400636196136,MEDIUM,"We present a rare case of a year-old Caucasian male with giant coronary artery aneurysms found during a computed tomography scan, including an incidental LAD and right sided CIA aneurysm, and a benign renal oncocytoma. A procedure involving open surgery resulted in a full postoperative giant coronary artery aneurysm, with the coexistence of extracoronary aneurysms being extremely rare in pediatric patients."
2025-11-10T00:22:50,23,7770253,1250,393,0.17555548111476416,0.3495145631067961,0.07920792079207921,0.21359223300970875,0.40695056319236755,0.5930494368076324,HIGH,"The study compared SDPL plasma from the US and EU markets, finding that SDPL from the US had lower TBP concentrations and lower citrate levels, but higher concentrations of LPA, fibrin monomer, and complement activation compared to EU SDPL. The US SDPL plasma also showed a significant loss of protein S activity and a notably higher C2 of CA DESARG, which could contribute to thrombogenicity."
2025-11-10T00:22:50,24,3245452,816,425,0.32735507106388206,0.3846153846153846,0.09803921568627451,0.1923076923076923,0.9808789491653442,0.01912105083465576,LOW,"LF has been shown to regulate myeloid blood cell production and interact with leukemia cells, with abnormalities in its interactions linked to hematopoietic disorders. Using gel PACE and chromatography, researchers found that LF contains several molecular weight species on polyacrylamide gels and exhibited a bipolar charge distribution. A tetramerized form of LF was identified, and its stability depends on ionic strength."
2025-11-10T00:22:50,25,11038275,1426,428,0.2905850491672279,0.3050847457627119,0.10344827586206896,0.18644067796610167,0.8697610894838969,0.13023891051610315,LOW,"CCS is a soft tissue tumor with a nested or fascicular spindle cell DP and a unique ewsratf gene fusion due to a tqq translocation. New cases of CCS in the skin were confirmed molecularly, including a 1-year-old boy, 1-year-old woman, and 1-year-old man with nodular lesions, all of which were initially considered spindle cell melanoma. A T0 result confirms that CCS should be investigated for the confirmatory gene fusion tqq."
2025-11-10T00:22:50,26,1081195,995,441,0.19875135856715317,0.2752293577981651,0.07476635514018691,0.20183486238532108,0.568137139081955,0.43186286091804504,HIGH,"Cirrhosis is the most common end result of chronic active AIH, with three-quarters of patients classified into subtypes based on immunological markers. Early diagnosis of chronic active AS SH is critical, as MLD is often detected during episodes of jaundice or in GA, but not at the stage of cirrhosis or decompensation. Fulminant forms of AIH are rare, and treatment with corticosteroids may prolong survival but does not prevent cirrhosis."
2025-11-10T00:22:50,27,1049823,972,397,0.26573965934244326,0.3725490196078432,0.07999999999999999,0.19607843137254902,0.9885729551315308,0.011427044868469238,LOW,"AS buffers in school-age children were identified and described through qualitative data collected from well children, revealing key themes such as intrapsychic comfort, social support, and PCS comfort. The study highlighted the importance of AS buffers in daily life, with sixteen categories emerging from the analysis, and differences between boys and girls found to influence nursing practices."
2025-11-10T00:22:50,28,4462378,140,249,0.6288851280466535,0.5,0.20000000000000004,0.3333333333333333,0.4923750691814348,0.5076249308185652,HIGH,"The patient with SA developed MCD presenting as nephrotic syndrome, which is the first reported case of MCD associated with SA. This marks a significant discovery in understanding the relationship between systemic amyloidosis and nephrotic syndrome."
2025-11-10T00:22:50,29,15725373,851,307,0.28852711220075233,0.3333333333333333,0.09090909090909091,0.24444444444444444,0.8453096747398376,0.15469032526016235,MEDIUM,"This study analyzed longitudinal data from Japanese men without hypertension, measuring hyperuricemia, arterial stiffness, inflammation, and CRP levels, and found significant associations with arterial stiffness, glomerular filtration rate, and inflammation, as well as longitudinal trends in these factors."
2025-11-10T00:22:50,30,15538664,214,217,0.24125576504128482,0.4266666666666667,0.08219178082191779,0.26666666666666666,0.4200385323104759,0.5799614676895242,HIGH,"ACP is recognized as an important component of palliative care, but further exploration is needed to integrate it into routine practice for timely and person-centered discussions. ✅ 2 sentences. ✅ No numbers or units."
2025-11-10T00:22:50,31,8921471,1261,517,0.22072211193453567,0.4,0.07407407407407407,0.18181818181818182,0.9115726550420126,0.08842734495798743,LOW,"The study demonstrates that the recombination signal-binding protein Jκappa (RBpJ) regulates both resting and regenerative liver sinusoidal (LS) cells by mediating notch signaling, leading to their proliferation and revascularization. Conditional deletion of RBpJ resulted in LS cell proliferation and venoocclusive disease, with impaired liver regeneration and degeneration. Molecular analyses showed disturbed expression of vascular endothelial growth factors and cytokines, contributing to the observed phenotypes."
2025-11-10T00:22:50,32,7595636,455,182,0.21982063121431045,0.44776119402985076,0.12307692307692308,0.2686567164179105,0.02392655424773693,0.9760734457522631,HIGH,"The GA aging and male hormonal changes have led to increased focus on clinical aspects of late-onset hypogonadism (LOH), with studies comparing performance in fencers and nonfencers."
2025-11-10T00:22:50,33,16063470,1620,374,0.2298476943373955,0.5769230769230769,0.2156862745098039,0.3269230769230769,0.7588641941547394,0.24113580584526062,MEDIUM,"Smart waste collection strategies in the UAE aim to reduce waste generation and improve efficiency by leveraging GIS-based systems, with a focus on optimizing collection based on real-time data. The study compares a geographic NIS-based system (SCS) to conventional methods, demonstrating significant cost and emission reductions, as well as improved operational efficiency."
2025-11-10T00:22:50,34,7550821,1289,460,0.2759690844190305,0.39999999999999997,0.05555555555555555,0.19999999999999998,0.49664889741688967,0.5033511025831103,HIGH,"FMRIs using gradient echo EPI imaging at a single TE measure blood oxygenation changes, with a compromise in sensitivity due to the trade-off between TE and t. A method with accelerated parallel imaging reduces image distortion, enabling broader t coverage and improved signal detection. This approach, evaluated using RPA and stroop experiments, shows enhanced bold sensitivity across brain regions, making it suitable for widespread functional brain imaging."
2025-11-10T00:22:50,35,1877756,1206,417,0.19673002412969656,0.2162162162162162,0.01834862385321101,0.16216216216216217,0.985121876001358,0.014878123998641968,LOW,"A high-resolution X-ray crystallographic investigation confirmed that the ATP may be bound in a nonproductive manner, as the zinc ion of the AS site is five-coordinate, with three enzyme residues, a hydrolyzable glycine, and a carbonyl oxygen, and the coordination polyhedron includes the zinc ion. This structure suggests the ATP is bound in a nonproductive configuration due to displacement of the zinc-bound water."
2025-11-10T00:22:50,36,12164703,1295,380,0.1923089078597877,0.42857142857142855,0.14634146341463414,0.2380952380952381,0.7946485280990601,0.20535147190093994,MEDIUM,"Selenium supplementation in thioacetamide-induced cirrhotic rats reduced liver injury by restoring antioxidant enzymes and mitigating bilirubin levels, indicating its effectiveness in protecting the rats. The study demonstrated that sodium selenite significantly reduced total and direct bilirubin and improved antioxidant activity, suggesting its potential as a protective agent."
2025-11-10T00:22:50,37,5447636,414,381,0.3257677275469553,0.3829787234042553,0.13043478260869565,0.276595744680851,0.9925519824028015,0.007448017597198486,LOW,"Depression in later life poses a serious threat to mental health and well-being among older individuals with medical conditions and comorbidities, as well as through interactions, which may influence the manifestation of depression in the elderly. Understanding the role of medical comorbidity in depression can help improve both physical and mental health care for those affected."
2025-11-10T00:22:50,38,15995653,1387,488,0.36956933118289415,0.512396694214876,0.1848739495798319,0.2809917355371901,0.8074122071266174,0.19258779287338257,MEDIUM,"The superior colliculus (SC) plays a critical role in controlling eye movements and whisking behavior in rodents. Unilateral lesioning of the SC shifts the resting position of vibrissae to the lesioned side and increases whisking amplitude on the CL side, suggesting a neural circuit involving the SC, lower brainstem, and interneurons. These findings indicate the SC modulates vibrissal movements on the contralateral side through direct connections to motoneurons and indirect pathways."
2025-11-10T00:22:50,39,3357306,283,268,0.7171668516980639,0.5070422535211268,0.31884057971014496,0.47887323943661975,0.9813985228538513,0.01860147714614868,LOW,"A female patient with small cell lung cancer and extensive bone marrow metastases achieved a CR response, T3 combination chemotherapy including etoposide during maintenance therapy, with MC diagnosed after teniposide administration, leading to significant improvement."
2025-11-10T00:22:50,40,8969613,582,451,0.518342199401888,0.3853211009174312,0.13084112149532712,0.3302752293577982,0.9800520241260529,0.019947975873947144,LOW,"We report a method to create electrostatically induced quantum dots by thermal DWI of interstitial Mn ions from a p-type GaAs layer into a GaAs quantum well, resulting in deep, circular, and strongly confined dotlike potential minima in a micromesas diode structure. This method avoids T3 lithography and electrostatic gating, revealing the symmetry of electronic eigenfunctions and a rich SE level spectrum with orbital angular momentum component lz."
2025-11-10T00:22:50,41,3433289,1628,458,0.22074615872149062,0.33333333333333337,0.07547169811320754,0.24074074074074073,0.9187172949314117,0.08128270506858826,LOW,"This study demonstrates that tellurium blocks cholesterol biosynthesis in developing IP nerves, leading to demyelination, which is confounded by the lack of upregulation of cholesterol pathways in myelin-forming SCs. Tellurium's systemic blockage of the SE step in cholesterol synthesis prevents remyelination, while its mechanism of action targets a critical membrane component, allowing for a focused examination of membrane synthesis at the genomic level."
2025-11-10T00:22:50,42,1673357,549,409,0.7738371968487588,0.44660194174757284,0.19801980198019803,0.3495145631067962,0.8811232447624207,0.11887675523757935,LOW,"A composite profile of empathic individuals was developed from adjectives checked on gough and heilbruns ACL by undergraduate students, which was consistent with the rogerian definition of empathy and factor sociability of the check list. Both the nominated sample and the students' profiles differed significantly from the composite profile on scales but did not differ significantly from it on other scales."
2025-11-10T00:22:50,43,11208971,980,437,0.3273258515388759,0.36036036036036034,0.1651376146788991,0.23423423423423426,0.9515363971392313,0.04846360286076867,LOW,"The NRAB subunits possess PDZ-binding domains at their extreme termini, which interact with PSD proteins and other PDZ proteins. These interactions occur during the endoplasmic reticulum (ER) pathway and lead to the formation of complexes with SAP and PSD. The PDZ IB domain restricts cell surface clusters to postsynaptic targets, while the interaction with SAP and PSD is not critical for cluster formation or targeting to the synapse."
2025-11-10T00:22:50,44,4246550,1640,373,0.43329504833892263,0.3541666666666667,0.06382978723404255,0.22916666666666663,0.9357243577639262,0.06427564223607385,LOW,"DNA polymerase β is required for the predominant pathway of BER involving single nucleotide gap filling in mammalian cells. Lipopolysaccharide treatment increases DNA polymerase β levels and BER capacity in both mouse monocytes and fibroblasts. Lipopolysaccharide also enhances resistance to MMS by upregulating BER, as measured by PCR, and reduces spontaneous DNA lesions."
2025-11-10T00:22:50,45,6132333,1530,517,0.33661821354400984,0.4482758620689655,0.15789473684210525,0.2931034482758621,0.9851370652516683,0.014862934748331669,LOW,"The study evaluated the structure of the oral health program in a university-affiliated hospital, assessed staff knowledge and attitudes, and proposed ways to strengthen oral health prevention in clinical education. Qualitative methods, including structured interviews and clinic reports, identified barriers such as lack of leadership clarity, time constraints, and a lack of a tracking system. The program's implementation led to the recognition of dental caries as the eleventh most common diagnosis in the clinic."
2025-11-10T00:22:50,46,3900234,941,581,0.4458070119446684,0.27419354838709675,0.08196721311475409,0.14516129032258066,0.9726395606994629,0.02736043930053711,LOW,"Surface electromyogram potentials were recorded from the APB and extensor digitorum brevis muscles in response to graded nerve stimulation. Subtractive potentials were used to extract intermediate potentials, and the average RL of the onset and negative and positive peaks, as well as the average duration of the negative phase, were similar across all degrees of fractionation. Smaller fractionation was associated with increased variability, and submaximal cmaps closely resembled the maximal compound muscle action potential (MCAP) once their amplitude exceeds that of the MCAP."
2025-11-10T00:22:50,47,10383446,1408,358,0.4705660135795543,0.37500000000000006,0.10638297872340427,0.2708333333333333,0.9095074236392975,0.09049257636070251,LOW,"A pot experiment investigated the effect of soil amendment (soil NRC eb) on soil bulk density, plant biomass, root growth, and phytoextraction efficiency. The results showed that the soil amendment significantly decreased bulk density, increased root length, and improved CD phytoextraction efficiency, but no significant increase in Zn removal was observed."
2025-11-10T00:22:50,48,13395366,1458,427,0.3066610706182754,0.3653846153846154,0.0980392156862745,0.17307692307692307,0.9076931774616241,0.09230682253837585,LOW,"We found that paternal cocaine exposure increased anxiety-like behaviors in male offspring rats, as measured by novelty-induced hypophagia and defensive burying tasks, compared to saline treatment. No significant effect was observed on anxiety-like behaviors in female F1 offspring, but increased expression of CRF-R mRNA and protein in the hippocampus was associated with elevated anxiety in cocaine-exposed male F1 offspring."
2025-11-10T00:22:50,49,6588826,1231,390,0.4024878341764152,0.45454545454545453,0.14814814814814814,0.2545454545454545,0.6216984335333109,0.3783015664666891,HIGH,"A series of novel NBS azacyclic mutations was not known early, with correct diagnosis crucial for preventive care. Czech patients with primary microcephaly showed three new NBS cases, all younger than months at diagnosis, born within a year, and with a 23% incidence rate. DNA testing of these children could detect NBS patients, reducing the age of diagnosis and improving life expectancy."
2025-11-10T00:22:50,50,6658395,1688,388,0.20960409543114178,0.37499999999999994,0.10638297872340426,0.25,0.768248438835144,0.23175156116485596,MEDIUM,"Natural phenolics like protocatechuic and tannic acids inhibit chemical mutagenesis and carcinogenesis in experimental models. PCA and tannic acid treatment reduced the activity of enzymes involved in MC-induced cytochrome p and phase II pathways in male Wistar rats, with significant statistical differences. These compounds also inhibited hepatic PNPH and reduced induced forms of PNPH."
2025-11-10T00:22:50,51,12479069,400,328,0.4642007348621598,0.4470588235294118,0.14457831325301204,0.3764705882352941,0.9940763711929321,0.005923628807067871,LOW,"A highly efficient synthesis of planar chiral ferrocenes was achieved via enantioselective pDC catalyzed direct arylation from readily available materials under mild conditions, resulting in products that can be transformed into efficient Fc ligands with high efficiency in asymmetric allylic alkylation and amination reactions."
2025-11-10T00:22:50,52,13042040,1329,317,0.23211191711276763,0.3157894736842105,0.12903225806451613,0.18947368421052632,0.10308072529733181,0.8969192747026682,HIGH,"The study investigated the protective effects of phospholipase a (PLA) from BV against acetaminophen-induced hepatotoxicity by using CD4+ T cells and FoxP3+ Treg cells in mice. It found that PLA suppressed immune disorders and reduced inflammatory markers, while IL-10 was significantly elevated in IL-deficient mice."
2025-11-10T00:22:50,53,4859396,1371,539,0.3775764156879667,0.4,0.05084745762711865,0.23333333333333334,0.6938876062631607,0.3061123937368393,MEDIUM,"This work tested the hypothesis that spontaneous micronuclei in lymphocytes in an apparently healthy normal human subject with an unusually high MN frequency were nonrandom. Using RAPD and PCR, a cosmid clone was isolated from the human genomic library, which hybridized to chromosomes. The results showed significant differences in the percentages of micronuclei hybridizing with centromere or painting probes compared to controls, but the subject had a very high increase in chromosome in micronuclei, suggesting a potential role in CIN."
2025-11-10T00:22:50,54,310569,1871,437,0.15499677635255563,0.3177570093457944,0.09523809523809525,0.24299065420560748,0.9536334276199341,0.04636657238006592,LOW,"LC is a th-century disease with an international epidemiological review, highlighting its prevalence and the role of environmental factors. The increase in lung cancer incidence in the first half of the century aligns with the introduction of carcinogens, suggesting environmental exposure. While genetic factors are suggested, their role remains unclear, and current evidence supports environmental risk factors as primary contributors."
2025-11-10T00:22:50,55,10750471,1520,382,0.2657164830370367,0.43750000000000006,0.10638297872340426,0.2708333333333333,0.8755743503570557,0.12442564964294434,LOW,"The study assessed changes in language and motor function using fMRI and PET imaging following motor therapy in stroke patients with hemiparesis. Five subjects showed significant language changes and motor improvements, with the largest motor changes observed in three individuals. These findings suggest that motor therapy may lead to more efficient and synergistic rehabilitation."
2025-11-10T00:22:50,56,9651963,1487,452,0.32822681116181873,0.4220183486238532,0.09345794392523366,0.18348623853211007,0.7730906506379446,0.22690934936205542,MEDIUM,"Farnesyl CPS (FPS) plays a key role in plant triterpene biosynthesis, but its function as a RII enzyme has not been fully elucidated. Transforming *C. asiatica* with a construct encoding FPS and using cauliflower mosaic virus (CMV) promoter resulted in increased expression of *C2* genes (diamine synthase and cycloartenol synthase) in hairy roots. This led to upregulation of *Cadds* transcripts, suggesting that FPS may alter triterpene biosynthesis."
2025-11-10T00:22:50,57,4791363,455,273,0.2817559846361421,0.5679012345679013,0.25316455696202533,0.5185185185185186,0.6963852047920227,0.3036147952079773,MEDIUM,"A year-old man ingested a diluted diquat solution containing paraquat, leading to symptoms like sore throat, vomiting, epiglottitis, and ARF, which resolved after recovery. This is the first reported case of systemic DQ toxicity from ingestion of a diluted diquat solution."
2025-11-10T00:22:50,58,3268582,2096,550,0.23956528909492594,0.36065573770491804,0.06666666666666665,0.19672131147540986,0.4637376368045807,0.5362623631954193,HIGH,"Acute cardiac allograft rejection is associated with increased donor-reactive T helper cells (HTL) in the donor's IP blood, which may predict allograft AAR episodes. A study evaluated the relationship between donor-reactive HTL and allograft acceptance, revealing that long-term acceptors had reduced donor-reactive HTL at post-transplant, while persistent rejecters maintained high levels. A mixed lymphocyte response (MLR) was observed in individuals with persistent rejection, indicating that donor-reactive HTL can influence allograft acceptance."
2025-11-10T00:22:50,59,2164214,957,468,0.3998403909185855,0.4705882352941177,0.17094017094017094,0.2689075630252101,0.9856972297032675,0.014302770296732548,LOW,"Patients who underwent gastrectomy for stomach cancer were divided into three groups based on treatment regimens. The first group received adjuvant chemotherapy, the second group had FT and psk repeated for consecutive months, and the third group received SA. No significant differences were found in year survival rates across the groups, but patients with stage III or poorly differentiated adenocarcinoma had a notably higher survival rate with alternating therapy."
2025-11-10T00:22:50,60,3106114,818,412,0.42001974317545376,0.4259259259259259,0.11320754716981131,0.2777777777777778,0.9060804843902588,0.09391951560974121,LOW,"A total of half disarticulated PS coronary stents were implanted in patients, with a procedural success rate of 5 out of 17. The half stents were used for bailout situations, including short dissections, relapsing stenoses, and ostial stenoses. The use of half stents reduced thrombogenicity and halved costs, while complications included one procedural death, one acute occlusion, and one non-Q wave infarction."
2025-11-10T00:22:50,61,3498940,1429,426,0.23700520553024243,0.2807017543859649,0.03571428571428571,0.1754385964912281,0.555357406536738,0.44464259346326196,HIGH,"Functional disability was evaluated in a cross-sectional study by the OECD in a sample of individuals aged 18–40 in Borgo San Dalmazzo, Italy, using the ODI questionnaire. The study examined the unidimensionality of the disability item set, grading order, and reliability (cumulative reproducibility and scalability) using the Gutmann Scale. A reduced set of ten items was obtained, leading to a simplified score points scale."
2025-11-10T00:22:50,62,2624976,1109,463,0.37976916437529873,0.35514018691588783,0.11428571428571428,0.3177570093457944,0.9686276614665985,0.03137233853340149,LOW,"The removal of sialic acid from day chick embryo HR cells during neuraminidase incubation resulted in hyperpolarization of MDP and slowed negative threshold potential and Vc, while increasing action potential OS. These effects were opposite to phospholipase C's effects, and the hypothesis that enhanced calcium influx via neuraminidase leads to altered voltage dependence of conductance and kinetic parameters is supported by the results and increased ca uptake."
2025-11-10T00:22:50,63,13947286,983,512,0.24210861571941097,0.288135593220339,0.05172413793103448,0.13559322033898305,0.3585939978559812,0.6414060021440189,HIGH,"PF the main AS component of the peony plant exerts various pharmacological effects, with recent research showing paeoniflorin's protective effects against Alzheimer's disease via inflammation and apoptosis in the cerebral cortex. A TGM-MM model was used to investigate its effects, and the Morris Water Maze test confirmed cognitive impairments. Protein levels of nuclear factor-Îºb, tumor necrosis factor-Î±, interleukin-Î², and caspase-1 were measured, and mtDNA expression was evaluated using commercial kits."
2025-11-10T00:22:50,64,8941177,1251,388,0.23940351981796462,0.3061224489795918,0.020833333333333332,0.18367346938775508,0.8099479377269745,0.1900520622730255,MEDIUM,"The study demonstrates that inflammation-related molecules are induced in the deep layers of corticospinal neurons in murine amyotrophic lateral sclerosis (ALS) models, leading to early and progressive shrinkage of CS cell bodies and activation of astrocytes and microglia. These findings suggest that transsynaptic signaling from lower motoneurons is involved in the disease progression."
2025-11-10T00:22:50,65,5372006,1356,341,0.45236794690309384,0.2376237623762376,0.0,0.1188118811881188,0.7663759291172028,0.23362407088279724,MEDIUM,"The study found that CD expression in breast carcinomas is associated with normal and neoplastic vascularization, with CD and CD ligands marking intraductal DWI, and CD expression correlates with tumor spread. CD expression is acquired in DCIS and other cancers, and coexpression of CD and CD ligands is necessary for the invasive phenotype."
2025-11-10T00:22:50,66,12997615,1792,314,0.215604965909714,0.13953488372093026,0.0,0.09302325581395349,0.5375822186470032,0.4624177813529968,HIGH,"This study investigated the role of lycocin (CXCR) signaling in the recovery of patients with intracerebral hemorrhage (ICH) and found no significant differences in leukocyte recruitment or injury in either genotypic or non-genotypic CXCR monocytes, suggesting that CXCR signaling does not play a role in recovery."
2025-11-10T00:22:50,67,7027201,1224,297,0.24035617840376605,0.2588235294117647,0.07228915662650602,0.21176470588235294,0.7466938495635986,0.25330615043640137,MEDIUM,"The paper describes a method to measure single lipid vesicle encapsulation efficiencies (EE) using a three-dimensional DWI equation, with confocal detection and single-molecule sensitivity. It found that oligolamellar LDV have an encapsulation efficiency of 10% and MLV vesicles have an EE of 15%."
2025-11-10T00:22:50,68,2776729,706,428,0.3794063104399023,0.3846153846153846,0.11764705882352941,0.23076923076923075,0.5320828296244144,0.46791717037558556,HIGH,"The ICM compartment syndrome involves an unphysiological pressure increase in a muscular compartment, leading to ischemia and potential loss of function. A young female patient with an unusual deep extensor compartment (e.g., distal forearm) was diagnosed and treated for a syndrome caused by fibrotic muscle contraction, with resection of the extensor indicis proprius, brevis, and APL, and tendon transfer to restore function."
2025-11-10T00:22:50,69,8907055,138,520,0.2401239467168531,0.3119266055045872,0.07476635514018691,0.1834862385321101,0.021275606045189004,0.978724393954811,HIGH,"The study examines the relationship between the history of childhood trauma and the facial expression recognition skills of survivors of childhood brain trauma, focusing on the impact of CRT therapy on cognitive and emotional development. The research employs a mixed-methods approach, combining standardized assessments of recognition skills with longitudinal data on trauma history. The findings suggest that exposure to CRT therapy may influence the improvement in facial expression recognition among survivors of BT."
2025-11-10T00:22:50,70,163259,1142,385,0.3557860757918071,0.40816326530612246,0.14583333333333334,0.2653061224489796,0.9836675326029459,0.016332467397054073,LOW,"The multibreath n washout test evaluates lung ventilation distributions, using linear programming to analyze compatible distributions. Twelve examples demonstrate that narrow distributions are well specified, with up to four distinct modes, while broad distributions require careful resolution. The critical resolution in high vavol regions depends on first few breaths of the washout."
2025-11-10T00:22:50,71,11661569,1684,355,0.22211031452239913,0.3655913978494624,0.04395604395604395,0.23655913978494625,0.10908304651578267,0.8909169534842173,HIGH,"In many renal diseases, TGF-β stimulates canonical and noncanonical SMAD pathways, which promote protein synthesis and MC hypertrophy. These signaling molecules are not fully understood in their role in regulating MC hypertrophy. Torsin and its inhibitor, DEPTOR, are shown to be suppressed by TGF-β, and their suppression is reversed by TGF-β activation."
2025-11-10T00:22:50,72,9247869,64,181,0.20050357391122897,0.2545454545454545,0.2264150943396226,0.2545454545454545,0.002241174690425396,0.9977588253095746,HIGH,Internet-based sex therapy for men with ERG ESCs (Embryonic Stem Cell) clones was evaluated for its effectiveness and safety in treating conditions like SC-Cel (Sickle Cell Anemia).
2025-11-10T00:22:50,73,11506154,1185,362,0.373598812553712,0.47916666666666663,0.12765957446808512,0.22916666666666669,0.3264159560203552,0.6735840439796448,HIGH,"Urocortin-induced peripherally decreases FI and GE via peripheral CRF receptors, with ghrelin levels influenced by CRF activity. In AL-fed rats, ucn ì¼gkg iv increases ghrelin levels rapidly and lasts, while a hyperglycemic response is observed. A selective CRF agonist (ucn) increases acyl and desacyl ghrelin but blocks stimulatory effects of a CRF antagonist."
2025-11-10T00:22:50,74,1632724,2202,458,0.494379868511725,0.48484848484848486,0.2153846153846154,0.30303030303030304,0.6576848725477854,0.3423151274522146,MEDIUM,"The text discusses the roles of type I and type II IGF receptors in mediating DNA synthesis in human fibroblasts, with the type II receptor playing a secondary role. A monoclonal antibody (alpha IR) inhibits type I IGF receptor activity, showing that insulin stimulates DNA synthesis through the IL-1RI receptor, while type II IGF receptor is not directly involved. The results indicate that the type II IGF receptor is not directly involved in this process."
2025-11-10T00:22:50,75,13539380,879,451,0.3399091414297223,0.41237113402061853,0.06315789473684211,0.24742268041237114,0.7239636729160944,0.2760363270839056,MEDIUM,"The study investigated the effects of sulphated heterorhamnans and arabinogalactan polysaccharides on macrophage activation and leishmanial intracellular amastigotes. Sulphated PSs (go GD, ehwi) increased nitric oxide production and showed leishmanicidal activity, while their inhibition by MA at 1 μg/mL was compared. Superoxide anion scavenging activity varied, and the results suggest these polysaccharides have potential as new therapeutic agents."
2025-11-10T00:22:50,76,5312491,618,317,0.46194080752980443,0.41304347826086957,0.15555555555555559,0.3260869565217391,0.897019624710083,0.10298037528991699,LOW,"The Varicellazoster virus modulates MHC class I and II expression in infected TA and fibroblasts, downregulating MHC class I while inducing class II expression upon Th1 treatment, which transiently affects host immune responses mediated by CD and CD44, enabling the virus to transmit efficiently to susceptible cells."
2025-11-10T00:22:50,77,4867137,1696,461,0.2882254726845359,0.4035087719298246,0.14285714285714285,0.26315789473684215,0.8365159233411154,0.16348407665888465,MEDIUM,"Lp has been shown to have multiple genetic loci involved in its survival within host cells, and mutants of *L. pneumophila* exhibit varying defects in intracellular survival and cytopathogenicity. A *gb* mutant showed a reduced intracellular growth compared to the parental *CS* and *AA* mutants, with a defect in cytopathogenicity. The *mila* gene was identified as a putative transport protein, and its disruption led to a defect in intracellular replication."
2025-11-10T00:22:50,78,12221526,1057,413,0.29501898253866454,0.3168316831683169,0.060606060606060615,0.21782178217821785,0.9338399171829224,0.06616008281707764,LOW,"Rosaidorfman disease (RDD), also known as SH, is a rare disease with unknown etiology that presents as nodal disease in young children but can involve extranodal sites and is difficult to diagnose. A case of extranodal RDD in a 12-year-old woman with appendiceal involvement was reported, characterized by mixed inflammatory infiltration, histiocytes, and immunohistochemical features consistent with the disease."
2025-11-10T00:22:50,79,7135742,2405,444,0.29235531905282147,0.3035714285714286,0.0909090909090909,0.14285714285714285,0.7987723151842753,0.20122768481572473,MEDIUM,"Folliclestimulating hormone (FSH) is a glycoprotein produced by the anterior pituitary gland that plays a key role in fertility regulation in both men and women. Clinical use of FSH includes treating women with anovulatory infertility and treating male hypogonadotrophic hypogonadism. Recent advancements have led to the development of recombinant FSH, which offers high purity and consistency, with two formulations available for clinical use."
2025-11-10T00:22:50,80,9904605,1353,638,0.4480026819693897,0.3361344537815126,0.06837606837606837,0.15126050420168066,0.989072322845459,0.010927677154541016,LOW,"The investigation aimed to understand physician discomfort with patient compliments by analyzing audiotaped surgeon-patient encounters using CA. It found that both the placement and design of compliments are consequential for surgeons' responses, with compliments offered after treatment recommendations not aligning with institutional agendas but responding to everyday compliment responses, including modifications to preserve expertise. Some compliments before treatment recommendations focus on specific treatments, while others do not directly pursue institutional agendas, and these may or may not foreshadow patients' future goals."
2025-11-10T00:22:50,81,3802358,972,512,0.33765861140952536,0.2542372881355932,0.03448275862068966,0.1694915254237288,0.6084900697072347,0.39150993029276526,HIGH,"The study compared oral thyrotropin-releasing hormone (TRH) and lithium therapy in patients with Wilson's disease (WDTC) to assess their effects on serum TSH and radioiodine uptake. It was randomised and blinded, with a total of 18 patients divided into groups receiving placebo, lithium, and lithium plus TRH. Results showed a significant increase in serum TSH levels in the TRH group, with no significant increase in radioiodine uptake across groups, while lithium therapy did not improve TSH or iodine uptake."
2025-11-10T00:22:50,82,875554,2441,598,0.27948016213780313,0.3,0.02898550724637681,0.15714285714285717,0.5904325445493063,0.40956745545069373,HIGH,"An increase in preb cell proliferation and B1 lymphocyte production in mouse bone marrow was observed after exposure to foreign agents, and this was associated with the accumulation of mu and preb cells. These findings suggest that in vivo stimulation of early F0 B1 cells can be achieved through external agents, mediated by a silicasensitive spleen-dependent mechanism, which leads to elevated levels of B1 cell genesis. The results indicate that macrophage activation may influence the production of B1 cells, but these effects are not linked to the development of obsessive-compulsive disorder."
2025-11-10T00:22:50,83,13704390,2090,455,0.26271055094920953,0.5294117647058824,0.22,0.21568627450980393,0.6542081634203593,0.34579183657964074,MEDIUM,"Successful gene delivery requires access to the nucleus in dividing cells, with histonederived NLSs enhancing nuclear entry and chromatin binding. Studies show that histone effectors mediate both nuclear entry and chromatin deposition through interaction with polyplexes, and their knockdown reduces transfection efficiency. Postmitosis, these interactions correlate with increased chromatin binding and decreased translocation from the ER to the cytosol."
2025-11-10T00:22:50,84,4337701,1322,361,0.3072340792149058,0.411764705882353,0.09999999999999999,0.3137254901960784,0.4026344244678815,0.5973655755321186,HIGH,"A nested PCR assay detected P. carinii in children with CLD or HIV infections, while GMS andIFA showed positive results in those with CLD and HIV. P. carinii DNA was also detected in blood samples, and children with CLD showed improved outcomes with cotrimoxazole. The study found an association between P. carinii and CLD exacerbations in children without HIV."
2025-11-10T00:22:50,85,8466503,460,267,0.4331127246265656,0.5142857142857143,0.17647058823529413,0.3714285714285714,0.9921524524688721,0.00784754753112793,LOW,"Luciferases are naturally secreted and used as a highly sensitive reporter to assess cell concentrations in vivo. The gluc blood assay complements BLI by providing a multifaceted assessment of cell viability, proliferation, and location in disease and therapy models."
2025-11-10T00:22:50,86,990227,411,332,0.4745462827772461,0.4358974358974359,0.1842105263157895,0.38461538461538464,0.9910486936569214,0.008951306343078613,LOW,"CE hemodynamic and mediumsize molecular intoxication parameters have been determined in patients with AI, with findings showing that maximum indexes correlate with low cardiac index and high IPV1 resistance, and neuroleptanalgesia is accompanied by increased mediumsize molecule levels, which depend on initial volumic disturbances."
2025-11-10T00:22:50,87,9534982,204,278,0.5025096772405622,0.3561643835616438,0.1971830985915493,0.3013698630136986,0.6994786461194357,0.30052135388056433,MEDIUM,"The introduction of highly active ART therapy has improved patient survival and quality of life, but the optimal timing of initial treatment is still under investigation. (2 sentences) ✅. (Fact: ""impressive improvement in patient survival and quality of life has been observed"")"
2025-11-10T00:22:50,88,15557858,162,271,0.7096206310158559,0.3939393939393939,0.1875,0.2121212121212121,0.49742413582862355,0.5025758641713765,HIGH,The study aimed to evaluate the feasibility and safety of intracorporeal anastomosis with Bi BII or RY reconstructions in totally laparoscopic distal gastrectomy. The results indicated that these reconstructions were feasible and safe under the given surgical conditions.
2025-11-10T00:22:50,89,14148854,1613,516,0.4254321469880594,0.3047619047619048,0.1553398058252427,0.2476190476190476,0.24826011310021082,0.7517398868997892,HIGH,"The objective of this study was to investigate surgical and hardware complications associated with VNS implantation in a longitudinal retrospective registry. Methods involved analyzing all VNS implantations between 2005 and 2023, while examining complications related to surgical, hardware, and postoperative factors. Results showed that surgical complications included postoperative hematoma, infection, and vocal cord palsy, while hardware complications included lead fractures, disconnections, and battery issues."
